{
  "project_info": {
    "project_number": "93158928259",
    "firebase_url": "https://mitin-rd.firebaseio.com",
    "project_id": "mitin-rd",
    "storage_bucket": "mitin-rd.appspot.com"
  },
  "client": [
    {
      "client_info": {
        "mobilesdk_app_id": "1:93158928259:android:a9bf3187767e914d",
        "android_client_info": {
          "package_name": "com.mitin.android"
        }
      },
      "oauth_client": [
        {
          "client_id": "93158928259-tclms31lh4ls2ppadet5pa2vkcm7sikq.apps.googleusercontent.com",
          "client_type": 3
        }
      ],
      "api_key": [
        {
          "current_key": "AIzaSyA6ZxNROHq0ZjkalQ8a4NZeVU4kYfgpHIo"
        }
      ],
      "services": {
        "analytics_service": {
          "status": 1
        },
        "appinvite_service": {
          "status": 1,
          "other_platform_oauth_client": []
        },
        "ads_service": {
          "status": 2
        }
      }
    }
  ],
  "configuration_version": "1"
}